{
  "info": {
    "_postman_id": "665c1e5a-f451-4c2d-9fde-e70530373c29",
    "name": "KPA_form data",
    "schema": "https://schema.getpostman.com/json/collection/v2.1.0/collection.json",
    "_exporter_id": "30281483"
  },
  "item": [
    {
      "name": "https://railops-uat-api.biputri.com/api/forms/wheel-specifications",
      "request": {
        "method": "POST",
        "header": [],
        "body": {
          "mode": "raw",
          "raw": "{\r\n  \"formNumber\": \"WHEEL-2025-001\",\r\n  \"submittedBy\": \"user_id_123\",\r\n  \"submittedDate\": \"2025-07-03\",\r\n  \"fields\": {\r\n    \"treadDiameterNew\": \"915 (900-1000)\",\r\n    \"lastShopIssueSize\": \"837 (800-900)\",\r\n    \"condemningDia\": \"825 (800-900)\",\r\n    \"wheelGauge\": \"1600 (+2,-1)\",\r\n    \"variationSameAxle\": \"0.5\",\r\n    \"variationSameBogie\": \"5\",\r\n    \"variationSameCoach\": \"13\",\r\n    \"wheelProfile\": \"29.4 Flange Thickness\",\r\n    \"intermediateWWP\": \"20 TO 28\",\r\n    \"bearingSeatDiameter\": \"130.043 TO 130.068\",\r\n    \"rollerBearingOuterDia\": \"280 (+0.0/-0.035)\",\r\n    \"rollerBearingBoreDia\": \"130 (+0.0/-0.025)\",\r\n    \"rollerBearingWidth\": \"93 (+0/-0.250)\",\r\n    \"axleBoxHousingBoreDia\": \"280 (+0.030/+0.052)\",\r\n    \"wheelDiscWidth\": \"127 (+4/-0)\"\r\n  }\r\n}",
          "options": {
            "raw": {
              "language": "json"
            }
          }
        },
        "url": {
          "raw": "https://railops-uat-api.biputri.com/api/forms/wheel-specifications",
          "protocol": "https",
          "host": ["railops-uat-api", "biputri", "com"],
          "path": ["api", "forms", "wheel-specifications"]
        }
      },
      "response": [
        {
          "name": "201 Created",
          "originalRequest": {},
          "status": "Created",
          "code": 201,
          "_postman_previewlanguage": "json",
          "header": [],
          "body": "{\n  \"success\": true,\n  \"message\": \"Wheel specification submitted successfully.\",\n  \"data\": {\n    \"formNumber\": \"WHEEL-2025-001\",\n    \"submittedBy\": \"user_id_123\",\n    \"submittedDate\": \"2025-07-03\",\n    \"status\": \"Saved\"\n  }\n}"
        }
      ]
    },
    {
      "name": "https://railops-uat-api.biputri.com/api/forms/bogie-checksheet",
      "request": {
        "method": "POST",
        "header": [],
        "body": {
          "mode": "raw",
          "raw": "{\r\n  \"formNumber\": \"BOGIE-2025-001\",\r\n  \"inspectionBy\": \"user_id_456\",\r\n  \"inspectionDate\": \"2025-07-03\",\r\n  \"bogieDetails\": {\r\n    \"bogieNo\": \"BG1234\",\r\n    \"makerYearBuilt\": \"RDSO/2018\",\r\n    \"incomingDivAndDate\": \"NR / 2025-06-25\",\r\n    \"deficitComponents\": \"None\",\r\n    \"dateOfIOH\": \"2025-07-01\"\r\n  },\r\n  \"bogieChecksheet\": {\r\n    \"bogieFrameCondition\": \"Good\",\r\n    \"bolster\": \"Good\",\r\n    \"bolsterSuspensionBracket\": \"Cracked\",\r\n    \"lowerSpringSeat\": \"Good\",\r\n    \"axleGuide\": \"Worn\"\r\n  },\r\n  \"bmbcChecksheet\": {\r\n    \"cylinderBody\": \"WORN OUT\",\r\n    \"pistonTrunnion\": \"GOOD\",\r\n    \"adjustingTube\": \"DAMAGED\",\r\n    \"plungerSpring\": \"GOOD\"\r\n  }\r\n}",
          "options": {
            "raw": {
              "language": "json"
            }
          }
        },
        "url": {
          "raw": "https://railops-uat-api.biputri.com/api/forms/bogie-checksheet",
          "protocol": "https",
          "host": ["railops-uat-api", "biputri", "com"],
          "path": ["api", "forms", "bogie-checksheet"]
        }
      },
      "response": [
        {
          "name": "201 Created",
          "originalRequest": {},
          "status": "Created",
          "code": 201,
          "_postman_previewlanguage": "json",
          "header": [],
          "body": "{\n  \"success\": true,\n  \"message\": \"Bogie checksheet submitted successfully.\",\n  \"data\": {\n    \"formNumber\": \"BOGIE-2025-001\",\n    \"inspectionBy\": \"user_id_456\",\n    \"inspectionDate\": \"2025-07-03\",\n    \"status\": \"Saved\"\n  }\n}"
        }
      ]
    },
    {
      "name": "https://railops-uat-api.biputri.com/api/forms/wheel-specifications (GET with filters)",
      "request": {
        "method": "GET",
        "header": [],
        "url": {
          "raw": "https://railops-uat-api.biputri.com/api/forms/wheel-specifications?formNumber=WHEEL-2025-001&submittedBy=user_id_123&submittedDate=2025-07-03",
          "protocol": "https",
          "host": ["railops-uat-api", "biputri", "com"],
          "path": ["api", "forms", "wheel-specifications"],
          "query": [
            {
              "key": "formNumber",
              "value": "WHEEL-2025-001"
            },
            {
              "key": "submittedBy",
              "value": "user_id_123"
            },
            {
              "key": "submittedDate",
              "value": "2025-07-03"
            }
          ]
        }
      },
      "response": [
        {
          "name": "200 OK - Filtered Results",
          "originalRequest": {},
          "status": "OK",
          "code": 200,
          "_postman_previewlanguage": "json",
          "header": [],
          "body": "{\n  \"success\": true,\n  \"message\": \"Filtered wheel specification forms fetched successfully.\",\n  \"data\": [\n    {\n      \"formNumber\": \"WHEEL-2025-001\",\n      \"submittedBy\": \"user_id_123\",\n      \"submittedDate\": \"2025-07-03\",\n      \"fields\": {\n        \"treadDiameterNew\": \"915 (900-1000)\",\n        \"lastShopIssueSize\": \"837 (800-900)\",\n        \"condemningDia\": \"825 (800-900)\",\n        \"wheelGauge\": \"1600 (+2,-1)\"\n      }\n    }\n  ]\n}"
        }
      ]
    }
  ]
}
