{
  "project_info": {
    "project_number": "963123631657",
    "project_id": "kpa-erp-fe-nagasiva",
    "storage_bucket": "kpa-erp-fe-nagasiva.firebasestorage.app"
  },
  "client": [
    {
      "client_info": {
        "mobilesdk_app_id": "1:963123631657:android:b831d6a5228bcc1b692e38",
        "android_client_info": {
          "package_name": "com.example.kpa_erp"
        }
      },
      "oauth_client": [],
      "api_key": [
        {
          "current_key": "AIzaSyB7IE9wJn_55iuy80FEZOzbCsu53cHJqzo"
        }
      ],
      "services": {
        "appinvite_service": {
          "other_platform_oauth_client": []
        }
      }
    }
  ],
  "configuration_version": "1"
}